# Monthly Fama-French 3 factors (decimals, not %). Source: Kenneth R. French Data Library.
# https://mba.tuck.dartmouth.edu/pages/faculty/ken.french/data_library.html
ym,Mkt-RF,SMB,HML,RF
200001,-0.047400,0.051600,-0.011200,0.004100
200002,0.024600,0.212500,-0.097700,0.004300
200003,0.052100,-0.174100,0.085000,0.004700
200004,-0.063900,-0.060000,0.064500,0.004600
200005,-0.043900,-0.060800,0.045900,0.005000
200006,0.046800,0.127100,-0.080400,0.004000
200007,-0.024800,-0.028400,0.080600,0.004800
200008,0.070300,-0.005000,-0.013700,0.005000
200009,-0.054400,-0.017400,0.072400,0.005100
200010,-0.027800,-0.038500,0.055800,0.005600
200011,-0.107000,-0.030800,0.122400,0.005100
200012,0.011800,0.008200,0.075500,0.005000
200101,0.032500,0.064100,-0.050500,0.005400
200102,-0.100300,-0.006500,0.122300,0.003800
200103,-0.072500,0.002600,0.064700,0.004200
200104,0.079300,0.005000,-0.046400,0.003900
200105,0.006800,0.024800,0.033800,0.003200
200106,-0.019400,0.063500,-0.012600,0.002800
200107,-0.021300,-0.040500,0.049500,0.003000
200108,-0.064000,0.021900,0.028600,0.003100
200109,-0.092400,-0.062300,0.015200,0.002800
200110,0.024800,0.074900,-0.073100,0.002200
200111,0.075300,-0.005700,0.021700,0.001700
200112,0.016100,0.047200,0.008300,0.001500
200201,-0.014400,0.011700,0.034200,0.001400
200202,-0.023000,-0.010800,0.023400,0.001300
200203,0.042400,0.040900,0.010800,0.001300
200204,-0.052100,0.058200,0.040100,0.001500
200205,-0.013600,-0.032700,0.015200,0.001400
200206,-0.072300,0.040800,0.003700,0.001300
200207,-0.081900,-0.052500,-0.035100,0.001500
200208,0.005000,-0.028000,0.030100,0.001400
200209,-0.103400,0.024200,0.012600,0.001400
200210,0.078400,-0.034000,-0.037600,0.001400
200211,0.059600,0.032600,-0.011600,0.001200
200212,-0.057600,-0.000400,0.021100,0.001100
200301,-0.025700,0.013400,-0.007900,0.001000
200302,-0.018800,-0.004400,-0.013600,0.000900
200303,0.010900,0.011700,-0.021100,0.001000
200304,0.081800,0.007600,0.012200,0.001000
200305,0.060500,0.046100,0.007000,0.000900
200306,0.014200,0.017000,0.001400,0.001000
200307,0.023300,0.049300,-0.015300,0.000700
200308,0.023300,0.024400,0.016400,0.000700
200309,-0.012400,0.008500,0.001400,0.000800
200310,0.060800,0.025900,0.022100,0.000700
200311,0.013500,0.020600,0.017200,0.000700
200312,0.042900,-0.026800,0.015100,0.000800
200401,0.021500,0.025400,0.024200,0.000700
200402,0.014000,-0.015700,0.009500,0.000600
200403,-0.013200,0.017300,0.002300,0.000900
200404,-0.018100,-0.017300,-0.032300,0.000800
200405,0.011800,-0.002300,-0.001800,0.000600
200406,0.018500,0.022500,0.012100,0.000800
200407,-0.040400,-0.037600,0.032200,0.001000
200408,0.000700,-0.015200,0.010800,0.001100
200409,0.016000,0.030100,-0.000500,0.001100
200410,0.014200,0.001300,-0.002600,0.001100
200411,0.045300,0.037400,0.015700,0.001500
200412,0.034200,-0.000300,-0.002300,0.001600
200501,-0.027500,-0.016600,0.020600,0.001600
200502,0.018800,-0.005700,0.014100,0.001600
200503,-0.019400,-0.014100,0.020700,0.002100
200504,-0.026100,-0.039300,0.000500,0.002100
200505,0.036500,0.028600,-0.005800,0.002400
200506,0.005800,0.025600,0.028000,0.002300
200507,0.039200,0.028700,-0.007800,0.002400
200508,-0.012000,-0.010700,0.013400,0.003000
200509,0.004800,-0.006200,0.007800,0.002900
200510,-0.020400,-0.013000,0.004300,0.002700
200511,0.036100,0.010500,-0.011900,0.003100
200512,-0.002400,-0.004400,0.001500,0.003200
200601,0.030300,0.054600,0.009900,0.003500
200602,-0.003000,-0.004100,-0.003100,0.003400
200603,0.014700,0.033900,0.006100,0.003700
200604,0.007300,-0.013800,0.022600,0.003600
200605,-0.035600,-0.030100,0.023800,0.004300
200606,-0.003500,-0.003500,0.008500,0.004000
200607,-0.007700,-0.039500,0.026200,0.004000
200608,0.020300,0.009900,-0.019500,0.004200
200609,0.018400,-0.013000,0.000600,0.004100
200610,0.032200,0.017700,-0.003300,0.004100
200611,0.017000,0.006300,0.000400,0.004200
200612,0.008500,-0.011600,0.027400,0.004000
200701,0.013800,0.000900,-0.006800,0.004400
200702,-0.019600,0.012300,-0.000800,0.003800
200703,0.007100,0.000900,-0.008800,0.004300
200704,0.034900,-0.022100,-0.014400,0.004400
200705,0.032300,0.001600,-0.005900,0.004100
200706,-0.019600,0.007300,-0.010500,0.004000
200707,-0.037200,-0.026600,-0.036800,0.004000
200708,0.009400,-0.001100,-0.018700,0.004200
200709,0.032200,-0.022500,-0.021700,0.003200
200710,0.017900,0.001900,-0.028700,0.003200
200711,-0.048000,-0.028100,-0.010900,0.003400
200712,-0.008700,0.001100,-0.005100,0.002700
200801,-0.063300,-0.010200,0.040000,0.002100
200802,-0.030900,-0.004800,-0.007200,0.001300
200803,-0.009400,0.007100,0.003100,0.001700
200804,0.046100,-0.016900,-0.009600,0.001800
200805,0.018700,0.029700,-0.015000,0.001800
200806,-0.084300,0.011500,-0.025100,0.001700
200807,-0.007500,0.026000,0.052000,0.001500
200808,0.015300,0.034000,0.015200,0.001300
200809,-0.093500,-0.010700,0.056600,0.001500
200810,-0.172000,-0.023100,-0.018900,0.000800
200811,-0.077400,-0.030100,-0.062100,0.000300
200812,0.017700,0.035200,0.000500,0.000000
200901,-0.080900,0.000400,-0.110200,0.000000
200902,-0.101400,0.001400,-0.066000,0.000100
200903,0.090100,-0.001000,0.034800,0.000200
200904,0.101700,0.054000,0.053800,0.000100
200905,0.052100,-0.024100,0.004100,0.000000
200906,0.004200,0.025800,-0.027600,0.000100
200907,0.077400,0.017500,0.048900,0.000100
200908,0.033300,-0.011200,0.076000,0.000100
200909,0.040800,0.024300,0.011500,0.000100
200910,-0.025300,-0.042600,-0.041700,0.000000
200911,0.056300,-0.025000,-0.003300,0.000000
200912,0.028000,0.060100,-0.001100,0.000100
201001,-0.033500,0.004300,0.003300,0.000000
201002,0.033900,0.011800,0.031800,0.000000
201003,0.063000,0.014600,0.021900,0.000100
201004,0.019900,0.048400,0.029600,0.000100
201005,-0.079000,0.001300,-0.024800,0.000100
201006,-0.055600,-0.017900,-0.047300,0.000100
201007,0.069200,0.002200,-0.005000,0.000100
201008,-0.047800,-0.030100,-0.017300,0.000100
201009,0.095500,0.038200,-0.030200,0.000100
201010,0.038700,0.010800,-0.024600,0.000100
201011,0.005900,0.036700,-0.009000,0.000100
201012,0.068200,0.007200,0.035600,0.000100
201101,0.019800,-0.022900,0.006100,0.000100
201102,0.034800,0.015000,0.011800,0.000100
201103,0.004500,0.024900,-0.018400,0.000100
201104,0.029000,-0.004200,-0.024400,0.000000
201105,-0.012700,-0.007300,-0.018500,0.000000
201106,-0.017400,-0.002700,-0.002000,0.000000
201107,-0.023500,-0.011700,-0.009100,0.000000
201108,-0.059600,-0.029600,-0.024300,0.000100
201109,-0.075800,-0.031200,-0.015300,0.000000
201110,0.113300,0.030500,0.000600,0.000000
201111,-0.002700,-0.001800,-0.005200,0.000000
201112,0.007500,-0.005600,0.015400,0.000000
201201,0.050500,0.020100,-0.009300,0.000000
201202,0.044200,-0.018400,0.004200,0.000000
201203,0.031200,-0.006300,0.011900,0.000000
201204,-0.008500,-0.003700,-0.007700,0.000000
201205,-0.061700,0.001200,-0.009500,0.000100
201206,0.038900,0.007200,0.005500,0.000000
201207,0.007900,-0.027600,-0.000600,0.000000
201208,0.025400,0.005000,0.012300,0.000100
201209,0.027300,0.004500,0.016200,0.000100
201210,-0.017600,-0.010900,0.035200,0.000100
201211,0.007800,0.006000,-0.008600,0.000100
201212,0.011800,0.015000,0.034800,0.000100
201301,0.055700,0.002900,0.010100,0.000000
201302,0.012800,-0.003000,0.002100,0.000000
201303,0.040400,0.008300,-0.002200,0.000000
201304,0.015600,-0.023700,0.004400,0.000000
201305,0.028000,0.017000,0.026700,0.000000
201306,-0.012000,0.013100,-0.000500,0.000000
201307,0.056500,0.018100,0.005800,0.000000
201308,-0.027100,0.003200,-0.027300,0.000000
201309,0.037700,0.028900,-0.011800,0.000000
201310,0.041700,-0.015600,0.012200,0.000000
201311,0.031100,0.013100,0.001900,0.000000
201312,0.028100,-0.004400,0.000000,0.000000
201401,-0.033200,0.009300,-0.019900,0.000000
201402,0.046600,0.003600,-0.003500,0.000000
201403,0.004300,-0.018600,0.049000,0.000000
201404,-0.001800,-0.041800,0.012200,0.000000
201405,0.020500,-0.018500,-0.001000,0.000000
201406,0.026000,0.030500,-0.007100,0.000000
201407,-0.020300,-0.041800,-0.000800,0.000000
201408,0.042400,0.004100,-0.005700,0.000000
201409,-0.019600,-0.035900,-0.014700,0.000000
201410,0.025100,0.040500,-0.016300,0.000000
201411,0.025600,-0.020500,-0.031300,0.000000
201412,-0.000500,0.025300,0.021200,0.000000
201501,-0.031000,-0.005900,-0.034500,0.000000
201502,0.061300,0.006100,-0.017900,0.000000
201503,-0.011100,0.030500,-0.003800,0.000000
201504,0.005900,-0.029900,0.018000,0.000000
201505,0.013700,0.009500,-0.011100,0.000000
201506,-0.015200,0.029400,-0.008200,0.000000
201507,0.015700,-0.041700,-0.041600,0.000000
201508,-0.060200,0.003700,0.027500,0.000000
201509,-0.030600,-0.026300,0.005500,0.000000
201510,0.077500,-0.019000,-0.004700,0.000000
201511,0.005700,0.035800,-0.004300,0.000000
201512,-0.021500,-0.028000,-0.025700,0.000100
201601,-0.057400,-0.034000,0.020800,0.000100
201602,-0.000600,0.007300,-0.006100,0.000200
201603,0.069500,0.007500,0.012200,0.000200
201604,0.009200,0.007700,0.032200,0.000100
201605,0.017800,-0.001800,-0.016200,0.000100
201606,-0.000300,0.006000,-0.014900,0.000200
201607,0.039400,0.024500,-0.012400,0.000200
201608,0.004900,0.011700,0.031700,0.000200
201609,0.002700,0.020800,-0.011900,0.000200
201610,-0.020100,-0.043900,0.041100,0.000200
201611,0.048600,0.056000,0.082900,0.000100
201612,0.018100,0.001400,0.034700,0.000300
201701,0.019400,-0.011600,-0.027600,0.000400
201702,0.035500,-0.021500,-0.015000,0.000400
201703,0.001700,0.011300,-0.033300,0.000300
201704,0.010800,0.006600,-0.020500,0.000500
201705,0.010700,-0.025200,-0.038200,0.000600
201706,0.007900,0.022100,0.015000,0.000600
201707,0.018800,-0.014500,-0.002300,0.000700
201708,0.001800,-0.016700,-0.021300,0.000900
201709,0.024900,0.044500,0.031500,0.000900
201710,0.022600,-0.019300,0.001300,0.000900
201711,0.031200,-0.006000,-0.000900,0.000800
201712,0.010600,-0.013200,0.000500,0.000900
201801,0.055800,-0.031600,-0.013200,0.001100
201802,-0.036400,0.002700,-0.011000,0.001100
201803,-0.023500,0.040500,-0.002100,0.001200
201804,0.002700,0.010900,0.005300,0.001400
201805,0.026600,0.052400,-0.031400,0.001400
201806,0.004900,0.011100,-0.023300,0.001400
201807,0.032000,-0.022300,0.004900,0.001600
201808,0.034500,0.011400,-0.039100,0.001600
201809,0.000600,-0.022900,-0.016200,0.001500
201810,-0.076500,-0.047000,0.033800,0.001900
201811,0.017100,-0.007300,0.003600,0.001800
201812,-0.095500,-0.023100,-0.019200,0.001900
201901,0.083700,0.027600,-0.003900,0.002100
201902,0.034200,0.020500,-0.026600,0.001800
201903,0.011000,-0.030300,-0.041400,0.001900
201904,0.039700,-0.017400,0.021300,0.002100
201905,-0.069200,-0.012600,-0.024500,0.002100
201906,0.069900,0.001100,-0.006400,0.001800
201907,0.012300,-0.019600,0.005000,0.001900
201908,-0.025500,-0.023900,-0.047700,0.001600
201909,0.014100,-0.009700,0.067600,0.001800
201910,0.020700,0.002700,-0.019200,0.001500
201911,0.038700,0.007200,-0.020000,0.001200
201912,0.027700,0.007600,0.017300,0.001400
202001,-0.001100,-0.031000,-0.062200,0.001300
202002,-0.081500,0.010800,-0.038200,0.001200
202003,-0.133700,-0.046900,-0.138300,0.001200
202004,0.136000,0.025000,-0.013400,0.000000
202005,0.055700,0.024000,-0.050000,0.000100
202006,0.024500,0.026700,-0.021700,0.000100
202007,0.058300,-0.023500,-0.014400,0.000100
202008,0.076200,-0.002000,-0.030200,0.000100
202009,-0.036400,0.000600,-0.027200,0.000100
202010,-0.020800,0.043400,0.042500,0.000100
202011,0.124500,0.058100,0.020900,0.000100
202012,0.046300,0.050100,-0.016800,0.000100
202101,-0.000700,0.071400,0.032200,0.000000
202102,0.028100,0.020200,0.072000,0.000000
202103,0.031600,-0.023300,0.073500,0.000000
202104,0.049500,-0.031900,-0.010200,0.000000
202105,0.003000,-0.002000,0.070400,0.000000
202106,0.027400,0.017000,-0.078600,0.000000
202107,0.013400,-0.039300,-0.017900,0.000000
202108,0.029400,-0.003200,-0.002300,0.000000
202109,-0.044000,0.006600,0.051200,0.000000
202110,0.066300,-0.022600,-0.005300,0.000000
202111,-0.015800,-0.013100,-0.003700,0.000000
202112,0.032300,-0.016300,0.032500,0.000100
202201,-0.061600,-0.059300,0.128600,0.000000
202202,-0.022800,0.021600,0.030600,0.000000
202203,0.030800,-0.015500,-0.019000,0.000000
202204,-0.094100,-0.013500,0.061800,0.000000
202205,-0.003400,-0.018400,0.084400,0.000300
202206,-0.084000,0.020700,-0.060000,0.000600
202207,0.095700,0.028400,-0.041500,0.000800
202208,-0.037700,0.014100,0.001800,0.001900
202209,-0.093400,-0.007600,0.000300,0.001900
202210,0.078500,0.000100,0.079700,0.002300
202211,0.046500,-0.035700,0.014800,0.002900
202212,-0.063800,-0.007600,0.013400,0.003300
202301,0.066100,0.050100,-0.039400,0.003500
202302,-0.025700,0.010500,-0.008000,0.003400
202303,0.024800,-0.054800,-0.090500,0.003600
202304,0.006200,-0.033700,-0.001200,0.003500
202305,0.003400,0.016000,-0.077900,0.003600
202306,0.064600,0.014900,-0.001300,0.004000
202307,0.032100,0.020500,0.040600,0.004500
202308,-0.023600,-0.031400,-0.011500,0.004500
202309,-0.052300,-0.025100,0.014900,0.004300
202310,-0.031500,-0.038600,0.002000,0.004700
202311,0.088800,-0.001000,0.016700,0.004400
202312,0.048500,0.063000,0.048900,0.004300
202401,0.007300,-0.050700,-0.023800,0.004700
202402,0.050700,-0.002400,-0.034300,0.004200
202403,0.028400,-0.025000,0.041600,0.004300
202404,-0.046500,-0.023700,-0.004500,0.004700
202405,0.043300,0.005500,-0.013100,0.004400
202406,0.028000,-0.030000,-0.033600,0.004100
202407,0.012200,0.068100,0.056200,0.004500
202408,0.016000,-0.034900,-0.011000,0.004800
202409,0.017200,-0.001300,-0.027600,0.004000
202410,-0.010000,-0.009900,0.008600,0.003900
202411,0.064900,0.044600,0.001600,0.004000
202412,-0.031700,-0.027100,-0.030000,0.003700
202501,0.028000,-0.019700,0.016300,0.003700
202502,-0.024400,-0.057900,0.049100,0.003300
202503,-0.063900,-0.027600,0.029000,0.003400
202504,-0.008400,-0.005900,-0.034100,0.003500
202505,0.060600,0.007000,-0.028800,0.003800
202506,0.048600,0.008300,-0.016100,0.003400
202507,0.019800,0.002700,-0.012700,0.003400
202508,0.018400,0.038700,0.044200,0.003800
202509,0.033900,-0.018500,-0.010500,0.003300
202510,0.019600,-0.005500,-0.031000,0.003700
202511,-0.001300,0.003800,0.037600,0.003000
202512,-0.003600,-0.010600,0.024200,0.003400
202601,0.010200,0.022000,0.037200,0.003000
202602,-0.011700,0.001400,0.028300,0.002800
